{
    "idle-378963": {
        "Version": "1.10.1822.1",
        "Scene": {
            "Name": true,
            "SupportShaderSelect": true
        },
        "Export Directory": "C:/RLConverterServices/RLConverter/TempData/Convert/67ee5a02f9dd7eeb/JIC57ad05af2bca46298",
        "Object": {
            "idle-378963": {
                "Generation": "ActorScan",
                "Physics": {
                    "Collision Shapes": {
                        "root": {},
                        "CC_Base_Hip": {},
                        "CC_Base_Pelvis": {},
                        "CC_Base_L_Thigh": {},
                        "CC_Base_L_Calf": {},
                        "CC_Base_L_Foot": {},
                        "CC_Base_L_ToeBaseShareBone": {},
                        "CC_Base_L_ToeBase": {},
                        "CC_Base_L_PinkyToe1": {},
                        "CC_Base_L_RingToe1": {},
                        "CC_Base_L_MidToe1": {},
                        "CC_Base_L_IndexToe1": {},
                        "CC_Base_L_BigToe1": {},
                        "CC_Base_L_CalfTwist01": {},
                        "CC_Base_L_CalfTwist02": {},
                        "CC_Base_L_KneeShareBone": {},
                        "CC_Base_L_ThighTwist01": {},
                        "CC_Base_L_ThighTwist02": {},
                        "CC_Base_R_Thigh": {},
                        "CC_Base_R_ThighTwist01": {},
                        "CC_Base_R_ThighTwist02": {},
                        "CC_Base_R_Calf": {},
                        "CC_Base_R_Foot": {},
                        "CC_Base_R_ToeBase": {},
                        "CC_Base_R_PinkyToe1": {},
                        "CC_Base_R_BigToe1": {},
                        "CC_Base_R_IndexToe1": {},
                        "CC_Base_R_MidToe1": {},
                        "CC_Base_R_RingToe1": {},
                        "CC_Base_R_ToeBaseShareBone": {},
                        "CC_Base_R_KneeShareBone": {},
                        "CC_Base_R_CalfTwist01": {},
                        "CC_Base_R_CalfTwist02": {},
                        "CC_Base_Waist": {},
                        "CC_Base_Spine01": {},
                        "CC_Base_Spine02": {},
                        "CC_Base_NeckTwist01": {},
                        "CC_Base_NeckTwist02": {},
                        "CC_Base_Head": {},
                        "CC_Base_FacialBone": {},
                        "CC_Base_JawRoot": {},
                        "CC_Base_Tongue01": {},
                        "CC_Base_Tongue02": {},
                        "CC_Base_Tongue03": {},
                        "CC_Base_Teeth02": {},
                        "CC_Base_R_Eye": {},
                        "CC_Base_L_Eye": {},
                        "CC_Base_UpperJaw": {},
                        "CC_Base_Teeth01": {},
                        "CC_Base_L_Clavicle": {},
                        "CC_Base_L_Upperarm": {},
                        "CC_Base_L_Forearm": {},
                        "CC_Base_L_ForearmTwist01": {},
                        "CC_Base_L_ForearmTwist02": {},
                        "CC_Base_L_ElbowShareBone": {},
                        "CC_Base_L_Hand": {},
                        "CC_Base_L_Mid1": {},
                        "CC_Base_L_Mid2": {},
                        "CC_Base_L_Mid3": {},
                        "CC_Base_L_Index1": {},
                        "CC_Base_L_Index2": {},
                        "CC_Base_L_Index3": {},
                        "CC_Base_L_Ring1": {},
                        "CC_Base_L_Ring2": {},
                        "CC_Base_L_Ring3": {},
                        "CC_Base_L_Pinky1": {},
                        "CC_Base_L_Pinky2": {},
                        "CC_Base_L_Pinky3": {},
                        "CC_Base_L_Thumb1": {},
                        "CC_Base_L_Thumb2": {},
                        "CC_Base_L_Thumb3": {},
                        "CC_Base_L_UpperarmTwist01": {},
                        "CC_Base_L_UpperarmTwist02": {},
                        "CC_Base_R_Clavicle": {},
                        "CC_Base_R_Upperarm": {},
                        "CC_Base_R_UpperarmTwist01": {},
                        "CC_Base_R_UpperarmTwist02": {},
                        "CC_Base_R_Forearm": {},
                        "CC_Base_R_ForearmTwist01": {},
                        "CC_Base_R_ForearmTwist02": {},
                        "CC_Base_R_ElbowShareBone": {},
                        "CC_Base_R_Hand": {},
                        "CC_Base_R_Mid1": {},
                        "CC_Base_R_Mid2": {},
                        "CC_Base_R_Mid3": {},
                        "CC_Base_R_Ring1": {},
                        "CC_Base_R_Ring2": {},
                        "CC_Base_R_Ring3": {},
                        "CC_Base_R_Thumb1": {},
                        "CC_Base_R_Thumb2": {},
                        "CC_Base_R_Thumb3": {},
                        "CC_Base_R_Index1": {},
                        "CC_Base_R_Index2": {},
                        "CC_Base_R_Index3": {},
                        "CC_Base_R_Pinky1": {},
                        "CC_Base_R_Pinky2": {},
                        "CC_Base_R_Pinky3": {},
                        "CC_Base_R_RibsTwist": {},
                        "CC_Base_R_Breast": {},
                        "CC_Base_L_RibsTwist": {},
                        "CC_Base_L_Breast": {}
                    }
                },
                "ExpressionSet": "2",
                "Expression": {
                    "V_None": {
                        "Bones": {}
                    },
                    "V_Open": {
                        "Bones": {
                            "CC_Base_JawRoot": {
                                "Translate": [
                                    0.0,
                                    0.0,
                                    0.0
                                ],
                                "Rotation": [
                                    0.0,
                                    0.0,
                                    0.1391904354095459,
                                    0.9902656078338623
                                ]
                            }
                        }
                    },
                    "V_Explosive": {
                        "Bones": {}
                    },
                    "V_Dental_Lip": {
                        "Bones": {}
                    },
                    "V_Tight_O": {
                        "Bones": {}
                    },
                    "V_Tight": {
                        "Bones": {}
                    },
                    "V_Wide": {
                        "Bones": {}
                    },
                    "V_Affricate": {
                        "Bones": {}
                    },
                    "V_Lip_Open": {
                        "Bones": {}
                    },
                    "V_Tongue_up": {
                        "Bones": {}
                    },
                    "V_Tongue_Raise": {
                        "Bones": {}
                    },
                    "V_Tongue_Out": {
                        "Bones": {}
                    },
                    "V_Tongue_Narrow": {
                        "Bones": {}
                    },
                    "V_Tongue_Lower": {
                        "Bones": {}
                    },
                    "V_Tongue_Curl_U": {
                        "Bones": {}
                    },
                    "V_Tongue_Curl_D": {
                        "Bones": {}
                    },
                    "Brow_Raise_Inner_Left": {
                        "Bones": {}
                    },
                    "Brow_Raise_Inner_Right": {
                        "Bones": {}
                    },
                    "Brow_Raise_Outer_Left": {
                        "Bones": {}
                    },
                    "Brow_Raise_Outer_Right": {
                        "Bones": {}
                    },
                    "Brow_Drop_Left": {
                        "Bones": {}
                    },
                    "Brow_Drop_Right": {
                        "Bones": {}
                    },
                    "Brow_Raise_Left": {
                        "Bones": {}
                    },
                    "Brow_Raise_Right": {
                        "Bones": {}
                    },
                    "Eyes_Blink": {
                        "Bones": {}
                    },
                    "Eye_Blink_L": {
                        "Bones": {}
                    },
                    "Eye_Blink_R": {
                        "Bones": {}
                    },
                    "Eye_Wide_L": {
                        "Bones": {}
                    },
                    "Eye_Wide_R": {
                        "Bones": {}
                    },
                    "Eye_Squint_L": {
                        "Bones": {}
                    },
                    "Eye_Squint_R": {
                        "Bones": {}
                    },
                    "Nose_Scrunch": {
                        "Bones": {}
                    },
                    "Nose_Flanks_Raise": {
                        "Bones": {}
                    },
                    "Nose_Flank_Raise_L": {
                        "Bones": {}
                    },
                    "Nose_Flank_Raise_R": {
                        "Bones": {}
                    },
                    "Nose_Nostrils_Flare": {
                        "Bones": {}
                    },
                    "Cheek_Raise_L": {
                        "Bones": {}
                    },
                    "Cheek_Raise_R": {
                        "Bones": {}
                    },
                    "Cheeks_Suck": {
                        "Bones": {}
                    },
                    "Cheek_Blow_L": {
                        "Bones": {}
                    },
                    "Cheek_Blow_R": {
                        "Bones": {}
                    },
                    "Mouth_Smile": {
                        "Bones": {}
                    },
                    "Mouth_Smile_L": {
                        "Bones": {}
                    },
                    "Mouth_Smile_R": {
                        "Bones": {}
                    },
                    "Mouth_Frown": {
                        "Bones": {}
                    },
                    "Mouth_Frown_L": {
                        "Bones": {}
                    },
                    "Mouth_Frown_R": {
                        "Bones": {}
                    },
                    "Mouth_Blow": {
                        "Bones": {}
                    },
                    "Mouth_Pucker": {
                        "Bones": {}
                    },
                    "Mouth_Pucker_Open": {
                        "Bones": {}
                    },
                    "Mouth_Widen": {
                        "Bones": {}
                    },
                    "Mouth_Widen_Sides": {
                        "Bones": {}
                    },
                    "Mouth_Dimple_L": {
                        "Bones": {}
                    },
                    "Mouth_Dimple_R": {
                        "Bones": {}
                    },
                    "Mouth_Plosive": {
                        "Bones": {}
                    },
                    "Mouth_Lips_Tight": {
                        "Bones": {}
                    },
                    "Mouth_Lips_Tuck": {
                        "Bones": {}
                    },
                    "Mouth_Lips_Open": {
                        "Bones": {}
                    },
                    "Mouth_Lips_Part": {
                        "Bones": {}
                    },
                    "Mouth_Bottom_Lip_Down": {
                        "Bones": {}
                    },
                    "Mouth_Top_Lip_Up": {
                        "Bones": {}
                    },
                    "Mouth_Top_Lip_Under": {
                        "Bones": {}
                    },
                    "Mouth_Bottom_Lip_Under": {
                        "Bones": {}
                    },
                    "Mouth_Snarl_Upper_L": {
                        "Bones": {}
                    },
                    "Mouth_Snarl_Upper_R": {
                        "Bones": {}
                    },
                    "Mouth_Snarl_Lower_L": {
                        "Bones": {}
                    },
                    "Mouth_Snarl_Lower_R": {
                        "Bones": {}
                    },
                    "Mouth_Bottom_Lip_Bite": {
                        "Bones": {}
                    },
                    "Mouth_Down": {
                        "Bones": {}
                    },
                    "Mouth_Up": {
                        "Bones": {}
                    },
                    "Mouth_L": {
                        "Bones": {}
                    },
                    "Mouth_R": {
                        "Bones": {}
                    },
                    "Mouth_Lips_Jaw_Adjust": {
                        "Bones": {}
                    },
                    "Mouth_Bottom_Lip_Trans": {
                        "Bones": {}
                    },
                    "Mouth_Skewer": {
                        "Bones": {}
                    },
                    "Mouth_Open": {
                        "Bones": {
                            "CC_Base_JawRoot": {
                                "Translate": [
                                    0.0,
                                    0.0,
                                    0.0
                                ],
                                "Rotation": [
                                    0.0,
                                    0.0,
                                    0.14782682061195374,
                                    0.9890131950378418
                                ]
                            }
                        }
                    },
                    "Head_Turn_Up": {
                        "Bones": {
                            "CC_Base_Head": {
                                "Translate": [
                                    0.0,
                                    0.0,
                                    0.0
                                ],
                                "Rotation": [
                                    -0.19936791062355042,
                                    0.0,
                                    0.0,
                                    0.9799246788024902
                                ]
                            }
                        }
                    },
                    "Head_Turn_Down": {
                        "Bones": {
                            "CC_Base_Head": {
                                "Translate": [
                                    0.0,
                                    0.0,
                                    0.0
                                ],
                                "Rotation": [
                                    0.10452844947576523,
                                    0.0,
                                    0.0,
                                    0.9945218563079834
                                ]
                            }
                        }
                    },
                    "Head_Turn_L": {
                        "Bones": {
                            "CC_Base_Head": {
                                "Translate": [
                                    0.0,
                                    0.0,
                                    0.0
                                ],
                                "Rotation": [
                                    0.0,
                                    0.3640781044960022,
                                    -0.04208502173423767,
                                    0.930417001247406
                                ]
                            }
                        }
                    },
                    "Head_Turn_R": {
                        "Bones": {
                            "CC_Base_Head": {
                                "Translate": [
                                    0.0,
                                    0.0,
                                    0.0
                                ],
                                "Rotation": [
                                    0.0,
                                    -0.36407557129859927,
                                    0.04208526387810707,
                                    0.9304180145263672
                                ]
                            }
                        }
                    },
                    "Head_Tilt_L": {
                        "Bones": {
                            "CC_Base_Head": {
                                "Translate": [
                                    0.0,
                                    0.0,
                                    0.0
                                ],
                                "Rotation": [
                                    0.0,
                                    -0.007010853383690119,
                                    -0.06064454838633537,
                                    0.9981348514556885
                                ]
                            }
                        }
                    },
                    "Head_Tilt_R": {
                        "Bones": {
                            "CC_Base_Head": {
                                "Translate": [
                                    0.0,
                                    0.0,
                                    0.0
                                ],
                                "Rotation": [
                                    0.0,
                                    0.007010826375335455,
                                    0.06064465641975403,
                                    0.9981347918510437
                                ]
                            }
                        }
                    },
                    "Turn_Jaw_Down": {
                        "Bones": {
                            "CC_Base_JawRoot": {
                                "Translate": [
                                    0.0,
                                    0.0,
                                    0.0
                                ],
                                "Rotation": [
                                    0.0,
                                    0.0,
                                    0.30062633752822878,
                                    0.9537416696548462
                                ]
                            }
                        }
                    },
                    "Turn_Jaw_L": {
                        "Bones": {
                            "CC_Base_JawRoot": {
                                "Translate": [
                                    0.007748007774353027,
                                    -0.021647214889526368,
                                    -0.007929423823952675
                                ],
                                "Rotation": [
                                    -0.044151801615953448,
                                    -0.07026197016239166,
                                    -0.0005171673838049173,
                                    0.9965508580207825
                                ]
                            }
                        }
                    },
                    "Turn_Jaw_R": {
                        "Bones": {
                            "CC_Base_JawRoot": {
                                "Translate": [
                                    0.007748007774353027,
                                    -0.021647214889526368,
                                    -0.007929423823952675
                                ],
                                "Rotation": [
                                    0.04396585375070572,
                                    0.08722767978906632,
                                    -0.0006414141971617937,
                                    0.995217502117157
                                ]
                            }
                        }
                    },
                    "Move_Jaw_Down": {
                        "Bones": {
                            "CC_Base_JawRoot": {
                                "Translate": [
                                    0.0,
                                    0.0,
                                    0.0
                                ],
                                "Rotation": [
                                    0.0,
                                    0.0,
                                    0.30062633752822878,
                                    0.9537416696548462
                                ]
                            }
                        }
                    },
                    "Move_Jaw_L": {
                        "Bones": {
                            "CC_Base_JawRoot": {
                                "Translate": [
                                    0.007748007774353027,
                                    -0.021647214889526368,
                                    -0.007929423823952675
                                ],
                                "Rotation": [
                                    -0.044151801615953448,
                                    -0.07026197016239166,
                                    -0.0005171673838049173,
                                    0.9965508580207825
                                ]
                            }
                        }
                    },
                    "Move_Jaw_R": {
                        "Bones": {
                            "CC_Base_JawRoot": {
                                "Translate": [
                                    0.007748007774353027,
                                    -0.021647214889526368,
                                    -0.007929423823952675
                                ],
                                "Rotation": [
                                    0.04396585375070572,
                                    0.08722767978906632,
                                    -0.0006414141971617937,
                                    0.995217502117157
                                ]
                            }
                        }
                    },
                    "Left_Eyeball_Look_R": {
                        "Bones": {
                            "CC_Base_L_Eye": {
                                "Translate": [
                                    0.0,
                                    0.0,
                                    0.0
                                ],
                                "Rotation": [
                                    -7.450580152834618e-9,
                                    0.0,
                                    -0.20845702290534974,
                                    0.9780314564704895
                                ]
                            }
                        }
                    },
                    "Left_Eyeball_Look_L": {
                        "Bones": {
                            "CC_Base_L_Eye": {
                                "Translate": [
                                    0.0,
                                    0.0,
                                    0.0
                                ],
                                "Rotation": [
                                    1.4901161193847657e-8,
                                    -5.960464477539063e-8,
                                    0.25872138142585757,
                                    0.9659519791603088
                                ]
                            }
                        }
                    },
                    "Left_Eyeball_Look_Down": {
                        "Bones": {
                            "CC_Base_L_Eye": {
                                "Translate": [
                                    0.0,
                                    0.0,
                                    0.0
                                ],
                                "Rotation": [
                                    0.1651400476694107,
                                    0.0,
                                    -1.360945023343163e-9,
                                    0.9862700700759888
                                ]
                            }
                        }
                    },
                    "Left_Eyeball_Look_Up": {
                        "Bones": {
                            "CC_Base_L_Eye": {
                                "Translate": [
                                    0.0,
                                    0.0,
                                    0.0
                                ],
                                "Rotation": [
                                    -0.12149136513471604,
                                    0.0,
                                    -1.4649115254172785e-9,
                                    0.9925923347473145
                                ]
                            }
                        }
                    },
                    "Right_Eyeball_Look_R": {
                        "Bones": {
                            "CC_Base_R_Eye": {
                                "Translate": [
                                    0.0,
                                    0.0,
                                    0.0
                                ],
                                "Rotation": [
                                    7.450580152834618e-9,
                                    2.9802320611338474e-8,
                                    -0.20845703780651093,
                                    0.9780314564704895
                                ]
                            }
                        }
                    },
                    "Right_Eyeball_Look_L": {
                        "Bones": {
                            "CC_Base_R_Eye": {
                                "Translate": [
                                    0.0,
                                    0.0,
                                    0.0
                                ],
                                "Rotation": [
                                    0.0,
                                    0.0,
                                    0.25872138142585757,
                                    0.9659519791603088
                                ]
                            }
                        }
                    },
                    "Right_Eyeball_Look_Down": {
                        "Bones": {
                            "CC_Base_R_Eye": {
                                "Translate": [
                                    0.0,
                                    0.0,
                                    0.0
                                ],
                                "Rotation": [
                                    0.1651400774717331,
                                    0.0,
                                    -1.683247319306247e-9,
                                    0.9862700700759888
                                ]
                            }
                        }
                    },
                    "Right_Eyeball_Look_Up": {
                        "Bones": {
                            "CC_Base_R_Eye": {
                                "Translate": [
                                    0.0,
                                    0.0,
                                    0.0
                                ],
                                "Rotation": [
                                    -0.12149137258529663,
                                    0.0,
                                    3.633431056027092e-10,
                                    0.9925923943519592
                                ]
                            }
                        }
                    },
                    "A01_Brow_Inner_Up": {
                        "Bones": {}
                    },
                    "A02_Brow_Down_Left": {
                        "Bones": {}
                    },
                    "A03_Brow_Down_Right": {
                        "Bones": {}
                    },
                    "A04_Brow_Outer_Up_Left": {
                        "Bones": {}
                    },
                    "A05_Brow_Outer_Up_Right": {
                        "Bones": {}
                    },
                    "A06_Eye_Look_Up_Left": {
                        "Bones": {}
                    },
                    "A07_Eye_Look_Up_Right": {
                        "Bones": {}
                    },
                    "A08_Eye_Look_Down_Left": {
                        "Bones": {}
                    },
                    "A09_Eye_Look_Down_Right": {
                        "Bones": {}
                    },
                    "A10_Eye_Look_Out_Left": {
                        "Bones": {}
                    },
                    "A11_Eye_Look_In_Left": {
                        "Bones": {}
                    },
                    "A12_Eye_Look_In_Right": {
                        "Bones": {}
                    },
                    "A13_Eye_Look_Out_Right": {
                        "Bones": {}
                    },
                    "A14_Eye_Blink_Left": {
                        "Bones": {}
                    },
                    "A15_Eye_Blink_Right": {
                        "Bones": {}
                    },
                    "A16_Eye_Squint_Left": {
                        "Bones": {}
                    },
                    "A17_Eye_Squint_Right": {
                        "Bones": {}
                    },
                    "A18_Eye_Wide_Left": {
                        "Bones": {}
                    },
                    "A19_Eye_Wide_Right": {
                        "Bones": {}
                    },
                    "A20_Cheek_Puff": {
                        "Bones": {}
                    },
                    "A21_Cheek_Squint_Left": {
                        "Bones": {}
                    },
                    "A22_Cheek_Squint_Right": {
                        "Bones": {}
                    },
                    "A23_Nose_Sneer_Left": {
                        "Bones": {}
                    },
                    "A24_Nose_Sneer_Right": {
                        "Bones": {}
                    },
                    "A25_Jaw_Open": {
                        "Bones": {
                            "CC_Base_JawRoot": {
                                "Translate": [
                                    0.0015496015548706055,
                                    -0.0043294429779052738,
                                    -0.0015858847182244063
                                ],
                                "Rotation": [
                                    -0.000015485153198824265,
                                    -0.000027505860998644495,
                                    0.1736704260110855,
                                    0.9848037958145142
                                ]
                            }
                        }
                    },
                    "A26_Jaw_Forward": {
                        "Bones": {
                            "CC_Base_JawRoot": {
                                "Translate": [
                                    0.0015429258346557618,
                                    0.1256704330444336,
                                    -0.0015843200962990523
                                ],
                                "Rotation": [
                                    -0.00001574583257024642,
                                    1.1965677515490825e-7,
                                    0.000022649777747574264,
                                    1.0
                                ]
                            }
                        }
                    },
                    "A27_Jaw_Left": {
                        "Bones": {
                            "CC_Base_JawRoot": {
                                "Translate": [
                                    0.0015503168106079102,
                                    -0.004328250885009766,
                                    -0.10158588737249375
                                ],
                                "Rotation": [
                                    -0.00001574583257024642,
                                    1.1965677515490825e-7,
                                    0.000022649777747574264,
                                    1.0
                                ]
                            }
                        }
                    },
                    "A28_Jaw_Right": {
                        "Bones": {
                            "CC_Base_JawRoot": {
                                "Translate": [
                                    0.0015474557876586915,
                                    -0.004333019256591797,
                                    0.29841408133506777
                                ],
                                "Rotation": [
                                    -0.00001574583257024642,
                                    1.1965677515490825e-7,
                                    0.000022649777747574264,
                                    1.0
                                ]
                            }
                        }
                    },
                    "A29_Mouth_Funnel": {
                        "Bones": {}
                    },
                    "A30_Mouth_Pucker": {
                        "Bones": {}
                    },
                    "A31_Mouth_Left": {
                        "Bones": {}
                    },
                    "A32_Mouth_Right": {
                        "Bones": {}
                    },
                    "A33_Mouth_Roll_Upper": {
                        "Bones": {}
                    },
                    "A34_Mouth_Roll_Lower": {
                        "Bones": {}
                    },
                    "A35_Mouth_Shrug_Upper": {
                        "Bones": {}
                    },
                    "A36_Mouth_Shrug_Lower": {
                        "Bones": {}
                    },
                    "A37_Mouth_Close": {
                        "Bones": {}
                    },
                    "A38_Mouth_Smile_Left": {
                        "Bones": {}
                    },
                    "A39_Mouth_Smile_Right": {
                        "Bones": {}
                    },
                    "A40_Mouth_Frown_Left": {
                        "Bones": {}
                    },
                    "A41_Mouth_Frown_Right": {
                        "Bones": {}
                    },
                    "A42_Mouth_Dimple_Left": {
                        "Bones": {}
                    },
                    "A43_Mouth_Dimple_Right": {
                        "Bones": {}
                    },
                    "A44_Mouth_Upper_Up_Left": {
                        "Bones": {}
                    },
                    "A45_Mouth_Upper_Up_Right": {
                        "Bones": {}
                    },
                    "A46_Mouth_Lower_Down_Left": {
                        "Bones": {}
                    },
                    "A47_Mouth_Lower_Down_Right": {
                        "Bones": {}
                    },
                    "A48_Mouth_Press_Left": {
                        "Bones": {}
                    },
                    "A49_Mouth_Press_Right": {
                        "Bones": {}
                    },
                    "A50_Mouth_Stretch_Left": {
                        "Bones": {}
                    },
                    "A51_Mouth_Stretch_Right": {
                        "Bones": {}
                    },
                    "T10_Tongue_Bulge_Left": {
                        "Bones": {}
                    },
                    "T11_Tongue_Bulge_Right": {
                        "Bones": {}
                    }
                },
                "Constraint": {},
                "Meshes": {}
            }
        }
    }
}